region,country,lakeno,year,mesh,lakearea,waterdepth,tn,tp,elev,lat,long,source,S_PIE,S,N,S_n
Tropical,Nigeria,Aiba_res,2004,500,0.37,1,3.4,0.6,238,7.64,4.2,Atobatele,1.712231858,5,123,5.428820419
Tropical,Brazil,brazil_1,2014,500,1685,0.69,3.12,0.08,489,-7.832282132,-36.69083366,Joseline,1.766757159,29,112.7820513,29
Tropical,Brazil,brazil_2,2014,500,996.5,0.55,2.19,0.26,219,-6.400326336,-36.79123446,Joseline,5.49924454,36,111.6969697,36
Tropical,Brazil,brazil_3,2014,500,6090.5,0.57,3.21,0.37,175,-6.652273758,-37.20346753,Joseline,2.681771839,15,61.05,15
Tropical,Brazil,brazil_4,2014,500,670,0.64,4.88,0.31,558,-7.893116124,-37.01204781,Joseline,1.970274757,21,182.0123457,5.754886995
Tropical,Brazil,brazil_5,2014,500,823.3,0.58,1.78,0.11,183,-6.648752955,-37.20248561,Joseline,4.733795906,43,233.699187,14.69115506
Tropical,Brazil,brazil_6,2014,500,769.6,0.73,2.02,0.11,520,-7.667468902,-36.90913661,Joseline,2.17108424,36,170.0111111,8.562687848
Subtropical,India,Hansadanga,2007,450,0.42,2.1,1.1,0.06,11,23.4,88.55,Debajyoti,1.483742157,5,829.49,4.99999993
Subtropical,India,Kalinga,2007,450,0.33,2.1,0.77,0.039,11,23.5,88.5,Debajyoti,5.470224313,7,213.99,7
Subtropical,India,Paglachandi,2007,450,0.36,2.1,0.57,0.002,21,24.22,88.29,Debajyoti,5.394956476,7,263.19,7
Temperate,Denmark,DK_64003,2004,212,121.39,1,0.89,0.04,15,54.7184,11.5713,erik,3.544200913,7,3828,6.99960125
Temperate,Denmark,DK_64001,2004,212,0.53,0.89,0.96,0.06,15,54.7397,11.5914,erik,9.562822872,19,3182,18.99930071
Temperate,Denmark,DK_64001,2007,212,0.53,0.89,1.45,0.05,15,54.7397,11.5914,erik,10.34984381,38,18139,35.44964403
Temperate,Denmark,DK_64004,2004,212,8.61,1.7,1.02,0.12,15,54.7524,11.5442,erik,3.624248707,7,4415,6.997581422
Temperate,Denmark,DK_62002,2004,212,0.61,0.63,1.71,0.15,15,54.8142,11.1511,erik,3.50738974,5,1943,4.999999945
Temperate,Denmark,DK_62002,2007,212,0.61,0.63,2.02,0.1,15,54.8142,11.1511,erik,1.906100605,7,11128,6.846003738
Temperate,Denmark,DK_41056,2005,212,0.12,0.97,0.99,0.06,15,54.845,9.3941,erik,9.03063919,33,12839,31.31155025
Temperate,Denmark,DK_62003,2006,212,0.29,1.23,2.1,0.19,15,54.8655,11.2734,erik,3.455684334,9,1020,9
Temperate,Denmark,DK_42003,2004,212,0.61,2.7,2.36,0.37,15,54.935,9.4437,erik,6.768540882,11,1845,10.99996561
Temperate,Denmark,DK_36005,2005,212,0.27,1.55,2.19,0.12,15,54.9358,9.4435,erik,2.664440954,11,10317,10.74883025
Temperate,Denmark,DK_42001,2004,212,2.04,2.1,1.33,0.07,15,54.9627,9.4317,erik,2.401250893,18,5184,17.87839092
Temperate,Denmark,DK_67001,2007,212,0.05,0.74,1.31,0.02,15,54.9766,12.5281,erik,9.654466505,17,4645,16.99226628
Temperate,Denmark,DK_52128,2005,212,0.06,1.3,0.92,0.04,15,54.9835,12.5227,erik,2.451885658,8,12858,7.683557282
Temperate,Denmark,DK_60010,2005,212,0.06,1.8,1.61,0.2,15,55.0043,11.9741,erik,5.960531626,13,5773,12.9934951
Temperate,Denmark,DK_47008,2007,212,0.61,1.96,1.13,0.11,15,55.0678,10.5266,erik,5.01932913,14,22020,12.60365672
Temperate,Denmark,DK_47011,2007,212,0.23,1.04,1.96,0.23,15,55.0694,10.4855,erik,2.183075561,6,1885,5.99999994
Temperate,Denmark,DK_60009,2005,212,0.15,2.11,1.69,0.51,15,55.0707,12.0059,erik,1.694200985,2,412,2
Temperate,Denmark,DK_45008,2006,212,0.69,2.3,1.61,0.1,15,55.1473,10.3787,erik,3.370696931,4,9067,4
Temperate,Denmark,DK_45003,2004,212,3.12,2.02,3.74,0.27,15,55.1582,10.3084,erik,4.210465588,11,4554,10.95840379
Temperate,Denmark,DK_60013,2006,212,0.07,2,3.26,1.09,15,55.1671,11.9495,erik,2.751834975,8,13542,7.860531331
Temperate,Denmark,DK_37017,2006,212,0.3,0.8,2.07,0.07,15,55.2439,9.3647,erik,3.344560186,20,46103,16.88113812
Temperate,Denmark,DK_57056,2007,212,0.22,1.33,0.84,0.3,15,55.3052,11.9955,erik,7.625663069,24,16191,22.56649639
Temperate,Denmark,DK_44005,2005,212,0.15,2.11,1.41,0.17,15,55.3267,10.7491,erik,2.185586073,10,13660,9.468902252
Temperate,Denmark,DK_61002,2005,212,0.09,2.83,1.22,0.04,15,55.3718,12.3883,erik,2.031004767,4,884,4
Temperate,Denmark,DK_57064,2005,212,0.12,1.5,2.39,0.18,15,55.3947,10.4122,erik,4.969550907,19,8813,18.88256002
Temperate,Denmark,DK_56008,2005,212,0.14,1.67,1.5,0.06,15,55.4811,11.5146,erik,4.84953407,7,2858,6.999965047
Temperate,Denmark,DK_45006,2004,212,0.15,1.82,1.74,0.11,15,55.4831,10.2783,erik,2.13573245,5,3945,4.998976555
Temperate,Denmark,DK_58001,2004,212,0.1,1.05,1.38,0.13,15,55.4883,11.9831,erik,4.187548168,21,6774,20.94371513
Temperate,Denmark,DK_58001,2007,212,0.1,1.05,1.54,0.11,15,55.4883,11.9831,erik,7.526341099,16,6313,15.95376352
Temperate,Denmark,DK_41002,2004,212,0.17,1.7,1.15,0.09,15,55.4933,9.4753,erik,3.965797202,7,884,7
Temperate,Denmark,DK_54008,2004,212,0.07,0.21,3.17,0.3,15,55.5348,11.1464,erik,3.066229317,7,17798,6.60077616
Temperate,Denmark,DK_50100,2005,212,0.04,1.33,1.14,0.1,15,55.5364,8.6396,erik,7.731382133,27,14648,25.95479605
Temperate,Denmark,DK_36003,2006,212,0.05,1.1,1.04,0.19,15,55.5426,9.1545,erik,1.329517367,4,3036,3.999964543
Temperate,Denmark,DK_57058,2005,212,0.08,1.58,1.9,0.09,15,55.5728,11.2883,erik,9.36185811,17,3991,16.99703244
Temperate,Denmark,DK_34010,2006,212,0.16,1.4,1.12,0.07,15,55.583,9.2767,erik,3.091922941,7,1728,6.999999987
Temperate,Denmark,DK_53004,2004,212,0.21,1.63,0.91,0.14,15,55.6139,12.4374,erik,1.959049345,11,23513,10.01363716
Temperate,Denmark,DK_53057,2004,212,0.1,1.4,0.97,0.14,15,55.615,12.4265,erik,1.817442193,9,18335,8.491614508
Temperate,Denmark,DK_51040,2004,212,0.3,2.33,2.08,0.17,15,55.6186,11.3205,erik,4.820976992,10,4169,9.997898665
Temperate,Denmark,DK_30088,2005,212,0.11,1.45,0.87,0.04,15,55.638,8.2595,erik,3.77352051,6,766,6
Temperate,Denmark,DK_55016,2006,212,0.15,0.72,3.4,0.41,15,55.638,11.5142,erik,2.761296104,14,21312,12.28115819
Temperate,Denmark,DK_53041,2006,212,0.17,1.1,1.25,0.13,15,55.6382,12.3467,erik,1.536500495,7,7204,6.982847839
Temperate,Denmark,DK_30005,2006,212,0.12,0.8,0.45,0.01,15,55.6452,8.2086,erik,9.111729067,19,3058,18.98949019
Temperate,Denmark,DK_31004,2006,212,0.86,1.7,2.72,0.06,15,55.6482,8.5854,erik,3.068289503,11,5776,10.98236461
Temperate,Denmark,DK_55001,2004,212,1.92,2.66,1.53,0.11,15,55.6523,11.3736,erik,4.069256759,13,22860,11.66843852
Temperate,Denmark,DK_30004,2005,212,0.33,0.7,0.87,0.08,15,55.6528,8.1668,erik,2.212781591,5,1473,5
Temperate,Denmark,DK_55015,2006,212,0.09,0.93,1.43,0.03,15,55.6634,11.3314,erik,3.698290371,13,24704,11.88590816
Temperate,Denmark,DK_30098,2004,212,0.27,0.31,4.8,0.9,15,55.6761,8.1783,erik,9.609813966,27,7185,26.76735507
Temperate,Denmark,DK_53025,2006,212,0.19,2.17,0.91,0.2,15,55.6763,12.4763,erik,4.529513673,12,7244,11.94460041
Temperate,Denmark,DK_20091,2006,212,0.06,0.86,0.76,0.06,15,55.6764,12.4761,erik,5.888994504,10,2298,9.999995776
Temperate,Denmark,DK_53018,2005,212,0.46,1.6,0.92,0.05,15,55.6769,12.4761,erik,6.863982973,14,9952,13.88357294
Temperate,Denmark,DK_30010,2004,212,0.23,0.51,1.05,0.11,15,55.6779,8.28,erik,6.765343715,14,1887,13.99999975
Temperate,Denmark,DK_52111,2006,212,0.04,1.57,1.39,0.04,15,55.6817,12.3387,erik,5.207854548,16,8515,15.8354334
Temperate,Denmark,DK_30001,2005,212,0.23,1.31,0.76,0.03,15,55.6887,12.5666,erik,4.772031226,9,3181,8.999860599
Temperate,Denmark,DK_53026,2006,212,0.14,2,1.13,0.16,15,55.6947,12.5744,erik,3.818526349,13,5772,12.96184981
Temperate,Denmark,DK_30002,2004,212,0.73,0.61,1.1,0.16,15,55.6996,8.22,erik,5.796390179,19,6244,18.93365251
Temperate,Denmark,DK_38005,2007,212,0.53,5.7,2.52,0.05,15,55.7178,9.3198,erik,2.351203941,4,1060,4
Temperate,Denmark,DK_32004,2006,212,0.43,2.6,0.68,0.04,15,55.7184,9.3179,erik,3.089468735,14,11974,13.66684697
Temperate,Denmark,DK_53031,2005,212,0.06,1.72,1.01,0.11,15,55.7227,12.549,erik,3.818289351,8,2415,7.999991011
Temperate,Denmark,DK_31005,2006,212,0.3,1.2,0.7,0.05,15,55.7248,8.7693,erik,4.450493396,18,14229,16.59399245
Temperate,Denmark,DK_52005,2005,212,0.32,1.2,2.61,0.28,15,55.7265,12.186,erik,3.869829118,9,12208,8.571251244
Temperate,Denmark,DK_53036,2005,212,0.26,0.98,1.1,0.05,15,55.7472,12.5352,erik,6.832593567,20,5718,19.96115146
Temperate,Denmark,DK_50001,2005,212,1.19,1.99,1.46,0.08,15,55.7705,12.4628,erik,1.633388997,3,1012,3
Temperate,Denmark,DK_50026,2005,212,0.16,1.68,1.49,0.12,15,55.7736,12.4855,erik,1.388501401,2,358,2
Temperate,Denmark,DK_21264,2005,212,0.08,2.33,1.28,0.12,15,55.8257,12.2185,erik,6.349969469,17,20843,15.17291959
Temperate,Denmark,DK_50050,2004,212,0.21,1.52,0.97,0.1,15,55.8953,12.4023,erik,3.554664721,8,16370,7.796304931
Temperate,Denmark,DK_52138,2004,212,0.06,0.93,1.91,0.28,15,55.9093,12.2829,erik,6.049775268,24,30598,22.1189307
Temperate,Denmark,DK_25297,2004,212,0.33,1.62,1.82,0.04,15,55.9341,9.3177,erik,2.745122092,23,15429,21.88268821
Temperate,Denmark,DK_25076,2005,212,0.11,2.1,0.35,0.03,15,55.9403,9.299,erik,4.625171909,15,16611,14.24946883
Temperate,Denmark,DK_51041,2006,212,0.18,1.63,0.88,0.01,15,55.9629,11.7454,erik,7.019884271,23,12504,22.19792186
Temperate,Denmark,DK_21014,2004,212,0.22,0.8,1.69,0.1,15,55.9773,9.4899,erik,8.830622192,26,25303,24.07961068
Temperate,Denmark,DK_21269,2005,212,0.1,4.5,0.52,0.03,15,56.0106,9.6798,erik,1.211085928,3,1905,2.999999972
Temperate,Denmark,DK_21328,2006,212,0.23,1.9,2.45,0.85,15,56.0282,9.9278,erik,2.895843295,6,11893,5.892434426
Temperate,Denmark,DK_25044,2004,212,0.74,2.75,0.4,0.02,15,56.0483,9.0714,erik,3.438543915,13,13031,12.03699031
Temperate,Denmark,DK_48012,2006,212,0.3,1,1.71,0.2,15,56.0628,12.5314,erik,3.292397481,10,10657,9.868710967
Temperate,Denmark,DK_26061,2006,212,0.1,1.04,1.29,0.3,15,56.1292,9.9748,erik,4.244020778,27,13782,25.87572304
Temperate,Denmark,DK_21294,2004,212,0.07,1.01,1.91,0.13,15,56.1297,9.5741,erik,1.361747097,6,3239,5.999831842
Temperate,Denmark,DK_21562,2005,212,0.12,2.4,0.53,0.04,15,56.1507,9.559,erik,8.859595562,16,2475,15.99998075
Temperate,Denmark,DK_21016,2004,212,0.1,2.34,2.15,0.23,15,56.1588,9.5439,erik,1.247964499,6,43392,5.201067866
Temperate,Denmark,DK_26013,2006,212,0.45,1,2.14,0.27,15,56.2169,9.9637,erik,5.901557097,18,20139,16.66036753
Temperate,Denmark,DK_52007,2006,212,0.06,0.7,1.53,0.06,15,56.2255,9.2517,erik,5.282435128,11,3888,10.9986376
Temperate,Denmark,DK_21278,2006,212,0.93,1.19,2.05,0.13,15,56.2556,9.4879,erik,4.813784397,11,8675,10.66317358
Temperate,Denmark,DK_53058,2004,212,0.16,1.1,0.88,0.12,15,56.2572,10.6957,erik,2.275923766,8,22205,7.40786779
Temperate,Denmark,DK_21807,2004,212,0.12,2.22,1.13,0.43,15,56.3296,9.5807,erik,3.258293564,4,2473,4
Temperate,Denmark,DK_21314,2005,212,0.06,1.25,2.64,0.28,15,56.39,9.8851,erik,5.537600736,14,6891,13.95436059
Temperate,Denmark,DK_48011,2006,212,0.12,1.38,0.91,0.09,15,56.3954,10.4009,erik,3.648417884,6,6668,5.988029495
Temperate,Denmark,DK_22016,2005,212,0.1,0.51,1.22,0.03,15,56.3972,8.244,erik,6.883504381,36,24437,30.20242108
Temperate,Denmark,DK_22022,2005,212,1.1,1.26,1.48,0.08,15,56.4102,8.21,erik,5.17648883,26,30914,22.15435735
Temperate,Denmark,DK_20026,2006,212,1.56,2.51,1.28,0.11,15,56.4358,8.9154,erik,2.988622359,6,2415,5.999995505
Temperate,Denmark,DK_14011,2006,212,0.06,1.91,1.83,0.07,15,56.4742,10.2419,erik,4.782937125,9,3888,8.999091733
Temperate,Denmark,DK_20014,2006,212,4.18,3.6,1.88,0.35,15,56.5154,8.9134,erik,3.071322938,5,1885,4.99999997
Temperate,Denmark,DK_20014,2006,212,4.18,3.6,1.75,0.33,15,56.5154,8.9134,erik,3.071322938,5,1885,4.99999997
Temperate,Denmark,DK_16037,2004,212,0.09,0.98,0.65,0.03,15,56.5479,8.8534,erik,6.743845334,27,11067,24.92542544
Temperate,Denmark,DK_16037,2005,212,0.09,0.98,0.34,0.01,15,56.5479,8.8534,erik,9.745800038,22,8403,21.54880965
Temperate,Denmark,DK_16037,2006,212,0.09,0.98,0.5,0.02,15,56.5479,8.8534,erik,7.653139329,25,16173,22.49735776
Temperate,Denmark,DK_16002,2007,212,3.16,1.58,1.24,0.16,15,56.557,8.1356,erik,1.462102686,10,54343,7.424647998
Temperate,Denmark,DK_16026,2007,212,0.12,0.47,1.93,0.32,15,56.5818,8.1694,erik,3.02223928,11,9479,10.75662276
Temperate,Denmark,DK_16023,2007,212,0.31,0.49,1.53,0.52,15,56.6024,8.2232,erik,4.212840834,17,16899,16.51890128
Temperate,Denmark,DK_52008,2005,212,0.06,2.79,2.43,0.31,15,56.6289,11.9845,erik,1.273492059,3,2473,2.999996829
Temperate,Denmark,DK_16043,2004,212,0.21,0.59,1.53,0.27,15,56.6725,8.8106,erik,1.856410806,3,589,3
Temperate,Denmark,DK_16134,2004,212,0.82,0.98,2.55,0.2,15,56.7219,9.0821,erik,3.605020705,6,3415,5.999999983
Temperate,Denmark,DK_12003,2004,212,0.25,0.59,1.81,0.21,15,56.7665,8.8263,erik,6.588024393,12,13364,11.52283983
Temperate,Denmark,DK_13002,2006,212,0.11,1.71,0.96,0.06,15,56.7902,9.7484,erik,5.348439583,14,2394,13.99894003
Temperate,Denmark,DK_1009,2004,212,3.48,3.61,0.81,0.04,15,56.818,8.7313,erik,5.239776668,8,3022,7.997459451
Temperate,Denmark,DK_1009,2005,212,3.48,3.61,0.77,0.03,15,56.818,8.7313,erik,3.130681161,10,5025,9.978965039
Temperate,Denmark,DK_1009,2006,212,3.48,3.61,0.69,0.02,15,56.818,8.7313,erik,5.916517871,17,6713,16.75970299
Temperate,Denmark,DK_12002,2004,212,0.11,0.37,3.77,0.1,15,56.8213,8.7588,erik,2.762465875,5,2297,4.999998951
Temperate,Denmark,DK_13002,2004,212,0.11,1.71,0.98,0.06,15,56.8415,9.4521,erik,7.574489772,21,5773,20.74686122
Temperate,Denmark,DK_13002,2005,212,0.11,1.71,1.47,0.07,15,56.8415,9.4521,erik,4.897534539,16,8282,15.4757422
Temperate,Denmark,DK_14017,2006,212,0.14,0.6,4.69,0.07,15,56.8442,9.8249,erik,3.459804308,11,12483,10.68160446
Temperate,Denmark,DK_15049,2004,212,0.8,0.58,3.78,3.34,15,56.8687,10.1904,erik,4.316310676,13,10187,12.871866
Temperate,Denmark,DK_11001,2005,212,0.47,0.82,1.17,0.04,15,56.9328,8.4105,erik,3.618856184,12,6243,11.99028488
Temperate,Denmark,DK_1029,2004,212,5.73,1.42,1.97,0.1,15,57.0556,8.9686,erik,4.322170002,9,9421,8.856706394
Temperate,Denmark,DK_1003,2005,212,0.08,0.44,0.88,0.02,15,57.0619,8.6209,erik,6.371335896,14,9363,13.99764575
Temperate,Denmark,DK_15046,2007,212,0.05,1.5,1.65,0.23,15,57.0622,10.1936,erik,4.063510615,12,14883,11.82815045
Temperate,Denmark,DK_9013,2005,212,0.44,0.46,2.29,0.07,15,57.0947,9.0564,erik,7.444256687,11,3592,10.99954324
Temperate,Denmark,DK_1018,2005,212,5.38,0.97,1.61,0.05,15,57.1087,9.0421,erik,5.246560892,8,4416,7.998787417
Temperate,Denmark,DK_6053,2006,212,0.08,0.78,2.38,0.16,15,57.2147,10.1574,erik,3.904318508,11,4005,10.99942147
Temperate,Denmark,DK_9106,2005,212,0.29,0.28,2.1,0.04,15,57.2783,10.9783,erik,3.352761261,11,11598,10.89982097
Temperate,Denmark,DK_15048,2007,212,0.06,0.65,2.06,0.74,15,57.3258,10.386,erik,3.875986992,8,7622,7.957015827
Temperate,Denmark,DK_10084,2005,212,0.07,3.14,1.05,0.08,15,59.721,10.2047,erik,1.864678567,7,1885,6.999999849
Temperate,Denmark,DK_21272,2004,212,2.99,4.5,0.74,0.05,15,56.0672,9.6271,erik,3.229058428,11,5418,10.98654013
Temperate,Denmark,DK_21276,2004,212,0.2,4.73,1.38,0.1,15,56.017,9.4315,erik,1.73908042,5,7560,4.979426395
Temperate,Denmark,DK_21277,2005,212,0.12,3.2,2.01,0.06,15,55.9689,9.7056,erik,1.783284559,14,14170,13.08441432
Temperate,Denmark,DK_21278,2004,212,0.93,1.19,1.62,0.15,15,56.2555,9.4879,erik,3.847601427,6,1845,5.999991403
Temperate,Denmark,DK_21278,2005,212,0.93,1.19,1.5,0.1,15,56.2555,9.4879,erik,3.512790574,7,2631,6.999158341
Temperate,Denmark,DK_21280,2005,212,1.15,4.34,1,0.11,15,56.1442,9.5818,erik,6.28704055,17,5772,16.96184959
Temperate,Denmark,DK_21281,2004,212,0.69,4.2,0.34,0.03,15,56.2994,9.7941,erik,2.607627105,13,9244,12.81417246
Temperate,Denmark,DK_21306,2005,212,0.06,4.7,0.31,0.02,15,56.0251,9.4431,erik,6.499483087,28,11249,27.17594815
Temperate,Denmark,DK_21324,2004,212,0.37,4.61,1.84,0.1,15,56.1081,9.5268,erik,3.839091002,12,24768,11.29999137
Temperate,Denmark,DK_21324,2005,212,0.37,4.61,2.32,0.07,15,56.1081,9.5268,erik,2.640429275,13,20490,11.29490338
Temperate,Denmark,DK_21324,2006,212,0.37,4.61,2.89,0.08,15,56.1081,9.5268,erik,3.043135406,8,20096,7.185559108
Temperate,Denmark,DK_21326,2006,212,7.52,7.82,1.14,0.16,15,56.0242,9.9386,erik,2.270955448,12,8892,11.91465379
Temperate,Denmark,DK_25020,2004,212,0.73,4.26,0.42,0.03,15,56.0196,9.3921,erik,7.926722624,15,10717,14.86604154
Temperate,Denmark,DK_25039,2004,212,0.83,4.33,0.64,0.08,15,55.9341,9.3627,erik,2.975136319,14,23516,12.69374248
Temperate,Denmark,DK_25044,2005,212,0.74,2.75,0.37,0.02,15,56.0493,9.0677,erik,6.342326807,15,3100,14.98931833
Temperate,Denmark,DK_25044,2006,212,0.74,2.75,0.29,0.01,15,56.0493,9.0677,erik,8.055845064,24,12796,22.17034291
Temperate,Denmark,DK_26012,2006,212,3.82,8.1,1.27,0.22,15,56.0551,10.0589,erik,1.924785373,7,15486,6.674406387
Temperate,Denmark,DK_27007,2005,212,0.32,7.7,0.61,0.04,15,55.9623,9.8759,erik,1.374438836,6,28929,5.487014401
Temperate,Denmark,DK_30005,2004,212,0.12,0.8,0.89,0.02,15,57.0423,9.4053,erik,8.543795195,23,5377,22.72576141
Temperate,Denmark,DK_30005,2005,212,0.12,0.8,0.47,0.01,15,57.0423,9.4053,erik,5.168893363,22,4159,21.9107994
Temperate,Denmark,DK_31005,2004,212,0.3,1.2,1.19,0.11,15,55.7247,8.7691,erik,5.933847892,17,3219,16.9821584
Temperate,Denmark,DK_31005,2005,212,0.3,1.2,1.06,0.09,15,55.7247,8.7691,erik,7.533523288,25,6044,24.58163648
Temperate,Denmark,DK_32004,2004,212,0.43,2.6,0.83,0.08,15,55.7184,9.3173,erik,4.063419232,13,25358,11.46728266
Temperate,Denmark,DK_32004,2005,212,0.43,2.6,0.66,0.05,15,55.7184,9.3173,erik,1.554778068,12,74961,9.138539313
Temperate,Denmark,DK_32005,2006,212,0.96,5.6,0.64,0.05,15,55.7315,9.393,erik,4.56733932,18,7657,17.81375496
Temperate,Denmark,DK_36005,2004,212,0.27,1.55,2.11,0.22,15,55.4294,9.3235,erik,1.63502211,13,14645,11.09359211
Temperate,Denmark,DK_36005,2006,212,0.27,1.55,2.14,0.21,15,55.4294,9.3235,erik,5.053065513,26,19153,22.74660021
Temperate,Denmark,DK_38006,2007,212,0.08,1.19,2.34,0.1,15,55.3781,9.2462,erik,5.029855808,22,19253,20.48398839
Temperate,Denmark,DK_42001,2005,212,2.04,2.1,1.26,0.05,15,54.9625,9.431,erik,6.245453131,15,1922,14.99986639
Temperate,Denmark,DK_42001,2006,212,2.04,2.1,1.3,0.05,15,54.9625,9.431,erik,6.585590342,14,2396,13.9992875
Temperate,Denmark,DK_42003,2005,212,0.61,2.7,1.96,0.15,15,54.9351,9.4429,erik,7.251408378,15,2982,14.99194257
Temperate,Denmark,DK_42003,2006,212,0.61,2.7,2.29,0.2,15,54.9351,9.4429,erik,5.533279516,10,2121,9.999852222
Temperate,Denmark,DK_42081,2004,212,0.05,5.93,0.34,0.01,15,54.8429,9.3952,erik,4.068881144,17,8656,16.70685179
Temperate,Denmark,DK_42085,2004,212,0.08,4.5,2.15,0.06,15,55.6729,11.311,erik,4.66220283,8,6065,7.991675828
Temperate,Denmark,DK_44009,2005,212,0.14,3.4,2.15,0.15,15,55.3371,10.6319,erik,3.815440861,5,1355,5
Temperate,Denmark,DK_45003,2005,212,3.12,2.02,1.82,0.1,15,55.1581,10.3083,erik,3.277679097,9,10952,8.789784192
Temperate,Denmark,DK_45003,2006,212,3.12,2.02,1.54,0.08,15,55.1581,10.3083,erik,6.018836728,9,16565,8.575200519
Temperate,Denmark,DK_45007,2004,212,0.18,3.09,1.9,0.18,15,55.4323,10.2019,erik,1.762980961,4,2239,4
Temperate,Denmark,DK_46005,2006,212,0.21,3.6,1.58,0.06,15,55.2076,10.2095,erik,2.063892931,3,1969,2.999993422
Temperate,Denmark,DK_46007,2004,212,0.44,6.2,1.92,0.05,15,55.2076,10.2095,erik,1.446244783,4,3611,3.991779177
Temperate,Denmark,DK_46007,2005,212,0.44,6.2,1.62,0.04,15,55.2076,10.2095,erik,1.471159246,4,2356,3.999999985
Temperate,Denmark,DK_46007,2006,212,0.44,6.2,1.12,0.03,15,55.2076,10.2095,erik,1.743646715,3,1414,3
Temperate,Denmark,DK_48001,2004,212,2.24,4.8,0.7,0.04,15,55.9885,12.3008,erik,1.144616698,4,7778,3.918779719
Temperate,Denmark,DK_48001,2005,212,2.24,4.8,0.76,0.05,15,55.9885,12.3008,erik,1.710300221,4,18374,3.95525488
Temperate,Denmark,DK_49001,2004,212,39.87,3.1,2.36,0.24,15,55.9717,12.1104,erik,2.784397884,7,4087,6.985602382
Temperate,Denmark,DK_49001,2005,212,39.87,3.1,2.59,0.23,15,55.9717,12.1104,erik,3.509667947,6,3929,5.994181147
Temperate,Denmark,DK_49001,2006,212,39.87,3.1,1.86,0.15,15,55.9717,12.1104,erik,2.385107815,3,2420,3
Temperate,Denmark,DK_49001,2007,212,39.87,3.1,2.46,0.14,15,55.9717,12.1104,erik,2.581707259,4,1231,3.999999997
Temperate,Denmark,DK_50025,2005,212,0.32,3.49,0.72,0.12,15,55.8173,12.2627,erik,3.804612991,11,9050,10.79945587
Temperate,Denmark,DK_50029,2005,212,1.19,6.67,0.63,0.08,15,55.8036,12.3626,erik,1.68833066,6,9823,5.945624159
Temperate,Denmark,DK_51004,2004,212,0.15,3.6,0.91,0.03,15,55.632821,11.6904,erik,5.102813683,14,5000,13.92470637
Temperate,Denmark,DK_51004,2005,212,0.15,3.6,0.8,0.02,15,55.632821,11.6904,erik,5.699921067,20,6230,19.73812725
Temperate,Denmark,DK_51004,2006,212,0.15,3.6,0.77,0.01,15,55.632821,11.6904,erik,6.651439761,17,4644,16.94586645
Temperate,Denmark,DK_51004,2007,212,0.15,3.6,0.89,0.02,15,55.632821,11.6904,erik,6.307899831,19,4326,18.94195666
Temperate,Denmark,DK_52002,2005,212,0.05,3.96,1.88,0.21,15,55.5836,12.6554,erik,1.491578728,4,4003,3.999424374
Temperate,Denmark,DK_52005,2004,212,0.32,1.2,2.64,0.33,15,55.7264,12.1848,erik,3.325205562,11,3847,10.97632732
Temperate,Denmark,DK_52005,2006,212,0.32,1.2,2.5,0.31,15,55.7264,12.1848,erik,4.959400987,15,6595,14.77003096
Temperate,Denmark,DK_52013,2006,212,1.25,3.3,1.13,0.04,15,55.7767,12.3499,erik,3.319605765,6,4643,5.998457355
Temperate,Denmark,DK_52075,2006,212,0.05,4.95,0.3,0.03,15,55.1888,11.7252,erik,2.097132855,6,5955,5.979388004
Temperate,Denmark,DK_53001,2006,212,0.06,4.65,2.04,0.01,15,55.5479,12.2082,erik,2.685714286,3,236,3
Temperate,Denmark,DK_53027,2005,212,0.07,4.2,0.89,0.09,15,55.6874,12.5667,erik,2.520216652,11,13188,10.65215662
Temperate,Denmark,DK_55002,2004,212,11.85,8.2,1.41,0.09,15,55.5777,11.2858,erik,3.523286303,9,21151,8.932317452
Temperate,Denmark,DK_55002,2005,212,11.85,8.2,2.35,0.13,15,55.5777,11.2858,erik,3.44791024,10,21232,8.775801349
Temperate,Denmark,DK_55002,2006,212,11.85,8.2,2.31,0.18,15,55.5777,11.2858,erik,3.943255006,8,3968,7.993856754
Temperate,Denmark,DK_55003,2005,212,1.91,7.74,1.27,0.1,15,55.45,11.5818,erik,2.547785107,8,2859,7.999964897
Temperate,Denmark,DK_57013,2007,212,0.9,4.67,2.57,0.1,15,55.3355,11.6342,erik,2.064844308,14,18252,12.63200485
Temperate,Denmark,DK_57018,2006,212,0.07,1.17,2.52,0.13,15,55.3616,11.4409,erik,1.472548779,3,1885,3
Temperate,Denmark,DK_57020,2004,212,6.61,9.9,3.58,0.1,15,55.34653,11.601779,erik,2.938609436,10,7325,9.909616736
Temperate,Denmark,DK_57053,2007,212,0.51,8.8,1.36,0.17,15,55.2983,11.9997,erik,1.742847248,3,1649,2.999999999
Temperate,Denmark,DK_58004,2004,212,0.37,3.8,1.62,0.14,15,55.4888,11.984,erik,2.628867208,10,7185,9.945527651
Temperate,Denmark,DK_61001,2005,212,0.08,4.1,1.34,0.06,15,54.8376,11.9284,erik,1,1,12246,1
Temperate,Denmark,DK_62003,2004,212,0.29,1.23,1.14,0.17,15,54.8641,11.2748,erik,5.745638049,9,1690,8.999997615
Temperate,Denmark,DK_62003,2005,212,0.29,1.23,1.91,0.17,15,54.8641,11.2748,erik,3.989947909,10,1570,9.999997145
Temperate,Finland,AlajУЄrvi syvУЄnne,2010,500,11.1,6,1.176666667,0.083333333,104,63.00765,23.87086667,heikki,1.834846236,12,13325.94,6.069627996
Temperate,Finland,ArrajУЄrvi 037 PE,2010,500,9.90831,2.89,1.1,0.063,74.1,60.97048333,26.09173333,heikki,2.731719328,9,4608.5,4.804218947
Temperate,Finland,EnУЄjУЄrvi 11,2003,500,4.92,3.22,0.884615385,0.063384615,49.4,60.35018333,24.39193333,heikki,3.186426691,5,1156.2,4.87978688
Temperate,Finland,EtelУЄ-Virmas 053,2009,500,11.76,3.96,0.61,0.023,120.2,62.05971667,27.60615,heikki,2.751835035,9,574.39,6.595228076
Temperate,Finland,HaapajУЄrvi 16,2006,500,25.87,2.2,1,0.071,85.9,63.59726667,26.94256667,heikki,3.44107118,10,1097.43,6.973914782
Temperate,Finland,HanhijУЄrvi 006,2010,500,4.45466,2.3,0.63,0.0235,98,61.78325,27.46598333,heikki,1.187173329,5,3993.23,4.031328126
Temperate,Finland,Harvanen 179,2005,500,0.55,2.4,0.35,0.01,124.3,62.50911667,26.97321667,heikki,1.420635457,7,3215.97,3.189213192
Temperate,Finland,HattujУЄrvi 1,2007,500,5.14537,3.3,0.405,0.02275,168.8,62.9488,31.2015,heikki,4.584097878,12,959.17,9.100640494
Temperate,Finland,HauhonselkУЄ.Valkkakivi 2,2009,500,22.1214,3.6,0.625,0.0465,84.2,61.17243333,24.49725,heikki,4.034806535,10,793.38,8.36786697
Temperate,Finland,HaukijУЄrvi 45,2007,500,1.538,3.16,0.341666667,0.008,131.4,63.0395,27.08615,heikki,2.75921242,8,1880.28,7.179107602
Temperate,Finland,HeitjУЄrvi,2004,500,7.7123,4.5,0.34,0.013,143,63.05078333,25.06156667,heikki,2.429021853,11,2844.27,6.148599636
Temperate,Finland,HopjУЄrvi GУЅsУЖren 1,2009,500,6.21,2.2,0.443333333,0.027666667,17.9,60.561,26.1038,heikki,4.963343516,8,922.73,7.428535991
Temperate,Finland,Iso-SiikajУЄrvi,2007,500,0.1838,1.9,0.453333333,0.015833333,137,65.16818333,27.971,heikki,3.393448245,6,242.85,5.829510417
Temperate,Finland,Iso-Soukka,2008,500,0.49,1.9,0.7,0.034,177.3,62.38065,25.44831667,heikki,1.69658474,5,442.9,4.583909418
Temperate,Finland,Iso Kaatluoma 009,2007,500,1.47,3.4,0.51,0.016,124.4,62.3087,26.8478,heikki,2.738364674,5,488.89,4.577324418
Temperate,Finland,Iso KoirajУЄrvi,2007,500,1.4861,3.2,0.275,0.01,180.6,63.24005,24.82615,heikki,3.418556146,14,1480.95,8.876707124
Temperate,Finland,Iso Rautavesi,2004,500,8.4338,3.3,0.495,0.025,100,62.06666667,25.05041667,heikki,2.69094643,12,1474.04,8.597331562
Temperate,Finland,Iso RiihijУЄrvi,2007,500,0.8487,2.4,0.643333333,0.026666667,228.9,64.18215,30.23296667,heikki,1.404655301,9,1421.44,5.491705921
Temperate,Finland,Iso SУЄynjУЄrvi,2004,500,5.1894,4.2,0.36,0.011,115.2,61.79141667,26.15386667,heikki,3.507089671,10,1176.47,7.356419786
Temperate,Finland,Iso VatjusjУЄrvi,2010,500,3.8052,3.5,1.02,0.05125,109,64.0736,25.33803333,heikki,1.961327049,4,2128.44,3.214421346
Temperate,Finland,Iso VehkajУЄrvi 002 syv,2009,500,6.72,3.7,0.6,0.034,80.1,61.97441667,29.17668333,heikki,2.441948389,9,2047.29,5.8759334
Temperate,Finland,ItУЄjУЄrvi,2005,500,0.7,3.5,0.283333333,0.017,218,64.96473333,28.73666667,heikki,3.685334608,6,733.57,5.003794131
Temperate,Finland,KakkisenjУЄrvi 139,2006,500,1.93,2.1,0.49,0.03,122,62.73836667,27.24253333,heikki,1.276047046,4,1895.54,3.735143115
Temperate,Finland,KalajУЄrven tekojУЄrvi. syvУЄnne,2009,500,11.0376,3.8,0.615,0.0325,105.5,62.56263333,23.13768333,heikki,2.008641881,12,2080.02,7.417796413
Temperate,Finland,KangasjУЄrvi 045,2009,500,19.69,3,0.536,0.039,105.2,61.99276667,27.3835,heikki,5.29305493,15,1134.94,9.362139025
Temperate,Finland,KarhijУЄrvi 124,2010,500,33.3,2.2,0.755,0.0555,52.1,61.57441667,22.50358333,heikki,1.859795493,5,1283.8,3.632096422
Temperate,Finland,KarvianjУЄrvi,2009,500,9.21,1.5,1.148571429,0.092571429,135.3,62.21676667,22.63798333,heikki,3.442291995,7,2871.62,5.165751263
Temperate,Finland,KavalanjУЄrvi,1993,500,0.49432,1.9,0.76375,0.0405,15.9,60.6658,27.91173333,heikki,1.118747899,4,600,3.242874669
Temperate,Finland,KeimiУЖjУЄrvi 1. profundaali,2008,500,0.60807,2.4,0.29,0.015333333,332.7,67.95271667,24.16335,heikki,1.602277944,9,1441.43,7.313121239
Temperate,Finland,KemijУЄrviSoppela4,2010,500,205,5.5,0.355,0.021,148,66.654,27.59921667,heikki,6.215189613,8,418.47,7.919617265
Temperate,Finland,Keski-Voho 5. profundaali,2007,500,0.657181,3,0.4325,0.02,196,66.15238333,27.34208333,heikki,4.161758,8,168.93,7.900747475
Temperate,Finland,KirmanjУЄrvi 4,2005,500,3.03712,3.4,0.875,0.046,86.1,63.48066667,27.3128,heikki,5.053538929,9,581,8.19664503
Temperate,Finland,KirmusjУЄrvi Pe5. Lehtisaari 6.0 m,2005,500,3.25,3,0.6,0.041,54.3,60.34453333,23.88036667,heikki,5.398104265,10,1072,8.051681603
Temperate,Finland,Kolmperse Karhus. 2 biol,2004,500,3.57289,4,0.4,0.013,110.6,60.57858333,24.05666667,heikki,1.65814763,6,2006.92,5.172544241
Temperate,Finland,Konnivesi LУЄpiУЄnkУЄrjensaaret 20,2005,500,44.57,8,0.485,0.0075,77.4,61.15876667,26.10685,heikki,6.670647042,21,4430.01,13.10040308
Temperate,Finland,Koskivesi 7 P,2004,500,164.466,6.4,0.48,0.015,97.9,62.97485,26.73225,heikki,5.478129226,9,611,8.454419366
Temperate,Finland,Kuuhankavesi 42,2008,500,14.9,5.4,0.745,0.031,98.8,62.31311667,26.46338333,heikki,1.160471039,4,653.12,3.202079026
Temperate,Finland,KУЄlltrУЄsket Vesterby 3,2006,500,1.07196,3.1,0.431666667,0.027333333,17.7,60.02088333,23.76043333,heikki,4.592817375,8,1432.53,6.788922992
Temperate,Finland,LehesjУЄrvi 1,2009,500,0.8604,3.2,0.71,0.036,95,62.34316667,25.71873333,heikki,2.195705411,5,1017.3,4.019924628
Temperate,Finland,LestijУЄrvi (syv.),2009,500,64.52,3.6,0.43,0.013,140.7,63.52715,24.85293333,heikki,3.870142544,10,315.34,9.088422209
Temperate,Finland,LiesjУЄrvi 1,2004,500,8.0443,4,0.54,0.026,162.1,62.45765,24.43943333,heikki,3.962468784,12,982.69,7.91647842
Temperate,Finland,LuujУЄrvi 2a,2001,500,4.8,5.8,0.32,0.006,76.6,61.13635,26.95025,heikki,5.909140969,8,147,7.997174847
Temperate,Finland,LuujУЄrvi 4,2001,500,4.8,5.8,0.32,0.006,76.6,61.1429,26.93558333,heikki,1.620558182,4,253,3.973210828
Temperate,Finland,LuujУЄrvi 5a,2001,500,4.8,5.8,0.32,0.006,76.6,61.14396667,26.91236667,heikki,2.065081352,4,276,3.998283671
Temperate,Finland,LyhyenjУЄrvi 124,2007,500,0.5971,3.1,1.18,0.0405,86.5,63.06391667,27.5053,heikki,1.118488864,5,1274.65,2.927836417
Temperate,Finland,LУЄngelmУЄenjУЄrvi 030,2007,500,32.7148,5.8,0.575,0.025,99,62.1448,27.44905,heikki,2.585867781,8,1122.23,5.140946129
Temperate,Finland,MajajУЄrvi,2007,500,0.298,2,0.73,0.028,168.1,62.85703333,25.40455,heikki,1.660085336,7,1771.62,5.52613721
Temperate,Finland,MuntsurinjУЄrvi 5,2008,500,0.83,2.1,0.505,0.0215,115.5,63.5245,29.98068333,heikki,4.983323171,9,843.52,7.871268399
Temperate,Finland,MustajУЄrvi,2011,500,1.65,5.1,0.31,0.009,151,62.23448333,22.84906667,heikki,11.05972093,17,274,15.47050267
Temperate,Finland,NerkoonjУЄrvi 1,1997,500,15.58,3.4,0.63,0.027666667,85.8,63.47098333,27.25111667,heikki,2.487882644,4,597,3.984459219
Temperate,Finland,NiemisjУЄrvi 015,2007,500,4.18265,1.5,0.945,0.057,99,63.63556667,26.4997,heikki,2.955534644,7,556.33,5.787244475
Temperate,Finland,NiskajУЄrvi 028,2011,500,3.99319,2.6,0.555,0.0205,106.9,62.21878333,26.99461667,heikki,1.266074559,4,1170.37,3.687851655
Temperate,Finland,NuijamaanjУЄrvi. N3b,2011,500,5.28868,4.7,0.57125,0.0205,48.8,60.96106667,28.59053333,heikki,4.113200164,8,454.17,6.812267937
Temperate,Finland,OnkimaanjУЄrvi 6 biolog,2003,500,1.42994,3.2,0.4,0.013,117.2,60.64075,24.04421667,heikki,1.523975579,7,2761.6,3.92873741
Temperate,Finland,Onkivesi 2,1994,500,113.61,3.2,0.58,0.053333333,84.7,63.41951667,27.23225,heikki,5.249089102,12,690,9.91494413
Temperate,Finland,Onkivesi 3,2006,500,113.61,3.2,1.096666667,0.053666667,84.7,63.34681667,27.37605,heikki,2.663173639,8,1312,6.112138965
Temperate,Finland,OsmajУЄrvi 3,2004,500,54.984,9.6,3.466666667,0.021,98,62.44881667,27.67541667,heikki,9.050322717,15,2481,13.91722837
Temperate,Finland,OtmenjУЄrvi 5,2004,500,1.397,2,0.575,0.023,111.2,62.37025,30.68503333,heikki,1.013676182,3,1820.98,1.43021714
Temperate,Finland,Painio. keskiosa 1,2010,500,7.8072,3.8,0.87,0.06525,81.2,60.58608333,23.7362,heikki,1.792904455,6,1844.6,4.33568211
Temperate,Finland,PetkeljУЄrvi 11,2006,500,1.75399,2.8,0.353333333,0.018166667,144.7,62.61011667,31.19878333,heikki,1.918066655,9,1574.33,5.188250556
Temperate,Finland,Pieni-Sulkava. Linja 11A. 5m,2006,500,2.82753,8.3,0.646666667,0.020333333,81.8,63.09488333,27.68528333,heikki,1.918471097,5,1977,4.27675386
Temperate,Finland,PitkУЄjУЄrvi. Uotilansaari 5.5  m,2003,500,3.27194,3.2,0.67,0.052,40.8,60.42678333,23.84471667,heikki,2.321122225,9,2395.83,5.141044602
Temperate,Finland,PonnejУЄrvi. syvУЄnne,2010,500,2.04082,2.4,0.675,0.034,123.8,62.64288333,23.83583333,heikki,6.212247208,16,1333.34,11.30224905
Temperate,Finland,PusulanjУЄrvi 5 biolog,2003,500,2.07,4.9,0.78,0.081,38,60.45983333,23.97483333,heikki,1.882499044,10,2997.2,7.35237861
Temperate,Finland,PУЖyliУЖjУЄrvi PУЖykkУЖlУЄ 7. profundaali,2009,500,1.35396,4,0.366666667,0.013,101.9,66.46006667,25.77941667,heikki,4.403217836,6,197.08,5.837082583
Temperate,Finland,RuuhijУЄrvi,2004,500,0.6634,2.6,0.57,0.029333333,100.9,62.19001667,26.12815,heikki,3.143039314,17,5155.69,9.603044249
Temperate,Finland,Saari-Kiekki 6,2005,500,0.59,1.4,0.373333333,0.027666667,237,64.15758333,30.35381667,heikki,1.269857132,9,2284.69,4.531430577
Temperate,Finland,SimpelejУЄrvi Kukkarolahti 002,2010,500,58.55,2.9,0.555,0.02575,68.8,61.49483333,29.54793333,heikki,1.340563854,4,1946.31,3.788123641
Temperate,Finland,Sompanen PE,2010,500,1.51,4.2,0.53,0.0225,68.3,60.9615,26.62935,heikki,1.29740086,8,4706.38,4.264791349
Temperate,Finland,Sorsavesi 2,2004,500,54.984,9.6,3.466666667,0.021,98,62.44981667,27.65083333,heikki,2.952481496,13,3865,9.123330537
Temperate,Finland,SukevanjУЄrvi 156,2005,500,3.89,2.3,0.655,0.058,124.7,63.87718333,27.40448333,heikki,2.291374746,13,1995.33,7.125175111
Temperate,Finland,Summanlampi. linja 1. 8.8m,1994,500,0.03,2.9,0.655,0.0275,81.8,62.84166667,28.20476667,heikki,2.802662326,3,35.21,3
Temperate,Finland,SuokumaanjУЄrvi 002,2009,500,3.00884,2.8,1.12,0.072,35.4,61.03528333,28.68411667,heikki,4.174634361,8,3020.14,6.1137231
Temperate,Finland,Suuri-Onkamo 12 HasonselkУЄ,1991,500,32.11,3.6,0.450454546,0.0159,77,62.28651667,30.03083333,heikki,2.926819602,10,1649,7.706348732
Temperate,Finland,SysmУЄ,2006,500,11.82,3,0.32,0.009,88,62.71558333,31.31073333,heikki,8.059152043,13,1304.06,10.63588077
Temperate,Finland,SysmУЄjУЄrvi 28,2004,500,6.87426,1,0.783333333,0.036,85.6,62.6826,29.0684,heikki,4.266794782,8,562,7.918926567
Temperate,Finland,SУЄrkilompolo8,2008,500,1.25101,3.7,0.33,0.034333333,254.7,67.90298333,23.91428333,heikki,3.384959497,17,3316.02,9.972329042
Temperate,Finland,SУЄУЄksjУЄrvi 093,2007,500,1.60753,2.3,0.53,0.01,100.3,62.68086667,26.6947,heikki,3.331612435,8,802.8,6.365651961
Temperate,Finland,SУЄУЄksjУЄrvi syv va 123,2009,500,33.18166,3.7,0.683333333,0.051333333,49,61.4097,22.38965,heikki,1.419676986,7,574.33,5.518071481
Temperate,Finland,TarsalanjУЄrvi 040 syv,2008,500,0.61,5.9,1.8,0.0315,104.8,61.75051667,27.2544,heikki,1.043910937,3,1560,2.062127909
Temperate,Finland,Termitty,2004,500,1.7083,3.2,0.49,0.016,160.6,62.374,24.8652,heikki,3.676176593,10,2221.45,6.719102229
Temperate,Finland,Tihmas 085,2007,500,0.741,1.3,0.685,0.023,94.7,61.83123333,27.52895,heikki,1.047754066,3,1911.12,1.956736311
Temperate,Finland,TihvetjУЄrvi 7,2001,500,22.80628,5.8,0.4,0.012,76.6,61.12455,26.86845,heikki,3.062391148,5,424,4.864494789
Temperate,Finland,Tiilikka 65,2006,500,4.2,2.4,0.33,0.015,186.5,63.67315,28.26025,heikki,1.466375345,6,1032.87,4.234965538
Temperate,Finland,Tuohtiainen 2,2004,500,4.68,3.1,0.45,0.013,74.9,61.01606667,27.34155,heikki,5.556937158,7,201.36,6.973422299
Temperate,Finland,Tuohtiainen 326,2011,500,4.68,3.1,0.38,0.008,74.9,61.00913333,27.342,heikki,2.964665521,15,704.7,10.30807584
Temperate,Finland,Vahanka,2009,500,4.46,1.6,0.676666667,0.045333333,165.3,62.8875,24.52216667,heikki,1.429276304,6,719.73,4.28727727
Temperate,Finland,Valkea-Kotinen.kesk.2,2008,500,0.03591,2,0.472857143,0.019571429,155.9,61.24191667,25.06673333,heikki,1.474512413,4,773.97,3.476764657
Temperate,Finland,Valvatus 112,2010,500,3.0294,2.5,0.722,0.0372,87.2,62.21843333,27.83268333,heikki,1.663941972,7,1717.51,4.322224516
Temperate,Finland,VangasjУЄrvi 026 syv,2009,500,4.27,3.3,0.47,0.015,120.8,62.29236667,27.09615,heikki,2.837176032,6,983.33,5.190871194
Temperate,Finland,Varpanen 186,2005,500,1.07,2.3,0.306666667,0.008,102.3,63.14123333,27.07316667,heikki,3.637615936,7,1836.85,5.384188439
Temperate,Finland,VehkajУЄrvi 036 syv,2009,500,2.45,3.7,0.41,0.006,82.2,61.28071667,26.57395,heikki,3.06225016,13,711.13,9.680199146
Temperate,Finland,VuoskojУЄrvi 1. profundaali,2008,500,0.19874,1.7,0.195,0.00275,143.9,69.74186667,26.95448333,heikki,6.777832184,14,264.64,12.83426741
Temperate,Finland,YlimmУЄinen 094,2004,500,0.18,0.6,0.64,0.019,90.1,61.04456667,26.2551,heikki,1.064411717,3,1082.22,2.248345035
Temperate,Finland,УimУЄjУЄrvi. Kalliomaa  4,2010,500,8.57595,1.9,0.953333333,0.056,81.8,61.09461667,24.081,heikki,3.518327268,6,1974.89,4.372723593
Temperate,Finland,УtУЄskУЖ 68,2003,500,13.8874,5,0.58,0.026,79.6,62.05786667,29.97816667,heikki,6.045612295,10,469,8.999362739
Subtropical,USA,FL_1,1994,600,1.485,3.7,0.53,0.014,22,27.3114,-81.3446,bob,9.403786842,28,939.1666667,27.86927943
Subtropical,USA,FL_1,1998,600,1.485,3.7,0.51,0.02,22,27.3114,-81.3446,bob,5.437387425,24,1450,23.99990655
Subtropical,USA,FL_1,2004,600,1.485,3.7,0.51,0.02,22,27.3114,-81.3446,bob,16.45327696,31,2346.5,30.999564
Subtropical,USA,FL_11,2003,600,14.181,2.9,0.5575,0.0255,22,27.3094,-81.404,bob,20.09450887,50,3044.25,48.97686594
Subtropical,USA,FL_14,2002,600,12.987,5.9,0.4275,0.03,22,27.2353,-81.3631,bob,8.345258954,34,4714.416667,32.24014327
Subtropical,USA,FL_15,2002,600,0.34,9.5,0.76,0.015,22,27.6227,-81.495,bob,7.024774887,23,2278.5,22.9993882
Subtropical,USA,FL_16,2002,600,0.158,3.1,2,0.046,22,26.8646,-82.2122,bob,1.060738179,4,412,4
Subtropical,USA,FL_17,1994,600,0.348,5.7,0.23,0.005,22,27.9926,-81.6061,bob,2.54703557,35,2466,32.48680837
Subtropical,USA,FL_17,2001,600,0.348,5.7,0.32,0.015,22,27.9926,-81.6061,bob,14.69069348,27,1907,26.99981985
Subtropical,USA,FL_18,2001,600,0.113,3,0.32,0.032,22,27.6337,-81.5089,bob,6.398177174,15,470,15
Subtropical,USA,FL_19,2001,600,0.259,5.6,0.57,0.026,22,27.3239,-81.3233,bob,5.559961705,25,4349,24.99605571
Subtropical,USA,FL_2,1995,600,2.181,5.5,0.67,0.02,22,27.34,-81.4053,bob,8.341391965,23,3983,22.9959279
Subtropical,USA,FL_21,1994,600,2.792,6.3,0.35,0.014,22,27.5779,-81.4802,bob,11.44240774,37,2644,36.46640604
Subtropical,USA,FL_21,2001,600,3.246,6.9,0.47,0.018,22,27.5779,-81.4802,bob,8.764446186,16,2524.5,15.99269483
Subtropical,USA,FL_22,2000,600,13.808,3.4,0.423333333,0.018333333,22,27.49,-81.46,bob,7.620027031,37,2312.666667,36.12580142
Subtropical,USA,FL_23,2000,600,0.554,7.3,0.66,0.021,22,27.6472,-80.5066,bob,5.941166849,17,12153,16.98117573
Subtropical,USA,FL_26,1999,600,0.389,5,0.73,0.024,22,27.64,-81.5315,bob,11.4202015,28,4675.5,27.99839085
Subtropical,USA,FL_27,1999,600,0.263,3.3,0.91,0.039,22,27.3371,-81.4269,bob,5.377813119,13,1273.333333,12.99999765
Subtropical,USA,FL_28,1999,600,0.34,2.9,1.2,0.022,22,27.5618,-81.4759,bob,3.810277454,8,5348.5,7.999735707
Subtropical,USA,FL_29,1999,600,1.894,4.9,0.59,0.027,22,27.526,-81.4836,bob,6.426082059,17,1237,16.99864131
Subtropical,USA,FL_3,1995,600,2.092,7.4,0.58,0.008,22,27.2529,-81.3335,bob,15.40255222,25,1287.666667,24.99985727
Subtropical,USA,FL_30,1999,600,0.445,0.9,1.1,0.099,22,29.0126,-81.9362,bob,4.897453964,12,2581,11.99939124
Subtropical,USA,FL_31,1998,600,0.089,7.9,0.79,0.015,22,28.8925,-82.5986,bob,1.247493063,5,2215,4.999966274
Subtropical,USA,FL_32,1998,600,1.53,8.5,1.2,0.015,22,27.5163,-81.4432,bob,2.239326308,17,5469,16.99581111
Subtropical,USA,FL_33,1998,600,0.049,1.2,0.73,0.029,22,28.9259,-81.9218,bob,2.335049134,6,500,6
Subtropical,USA,FL_34,1997,600,0.15,6.1,0.76,0.015,22,28.5109,-81.6435,bob,6.795148599,11,1771,10.99999986
Subtropical,USA,FL_38,1997,600,5.002,2.2,1.2,0.081333333,22,27.4021,-81.4524,bob,5.091024785,22,2517.166667,21.43078783
Subtropical,USA,FL_39,1995,600,0.886,7.3,0.76,0.015,22,27.3443,-81.3642,bob,4.328630737,30,10653,29.55995666
Subtropical,USA,FL_4,2004,600,0.101,4.6,0.75,0.022,22,28.5847,-81.7478,bob,7.270808625,22,692,22
Subtropical,USA,FL_41,1996,600,0.66,8.8,0.58,0.015,22,27.5735,-81.5039,bob,1.767455536,18,6247,17.9986631
Subtropical,USA,FL_42,1996,600,0.032,3.7,0.4,0.015,22,29.8272,-82.8931,bob,5.590296045,18,1470.25,17.99999126
Subtropical,USA,FL_43,1996,600,0.089,2.4,0.22,0.015,22,27.6028,-81.2583,bob,2.702165662,8,4655,7.999779386
Subtropical,USA,FL_44,1995,600,1.052,3.4,2,0.054,22,27.5424,-81.4428,bob,2.584958389,9,8588,8.996927552
Subtropical,USA,FL_47,1995,600,6.046,2.4,1.2,0.36,22,26.4229,-81.4951,bob,1.492581483,10,3434,9.999265577
Subtropical,USA,FL_48,1994,600,0.826,7,0.42,0.1,22,27.4322,-81.4512,bob,2.165638539,19,1864.166666,17.70078156
Subtropical,USA,FL_49,1994,600,0.506,6.7,1.5,0.053,22,27.4677,-81.4636,bob,2.803810317,11,3673,10.52173592
Subtropical,USA,FL_5,2004,600,0.482,6.7,2.4,0.19,22,27.4532,-81.4621,bob,4.775658899,21,13278,20.9911001
Subtropical,USA,FL_50,1996,600,1.356,4.7,0.51,0.016,22,27.4322,-81.4045,bob,7.073965486,24,1228.5,23.99998692
Subtropical,USA,FL_51,1994,600,0.494,1.9,0.9,0.19,22,27.4217,-81.4733,bob,1.84445195,7,568.6666667,7
Subtropical,USA,FL_6,1994,600,2.752,3.1,0.46,0.021,22,27.2899,-81.3426,bob,8.725229428,20,1135.6,19.78914513
Subtropical,USA,FL_6,1998,600,2.752,3.1,0.52,0.026,22,27.2899,-81.3426,bob,8.737494903,24,608.5,24
Subtropical,USA,FL_6,2004,600,2.752,3.1,0.58,0.02,22,27.2899,-81.3426,bob,7.998366903,27,2100,26.99951197
Subtropical,USA,FL_7,1998,600,0.178,2.3,3.3,0.037,22,27.355,-81.4058,bob,1,1,2953,1
Subtropical,USA,FL_7,2004,600,0.178,2.3,2.6,0.031,22,27.355,-81.4058,bob,5.159801885,14,10248,13.99960323
Subtropical,USA,FL_8,2004,600,0.267,4.6,0.86,0.029,22,27.539,-81.4094,bob,5.641799258,19,5796,18.99910581
Subtropical,USA,FL_9,1994,600,0.295,9.5,0.41,0.006,22,27.6132,-81.4954,bob,3.567120828,28,818.7222222,28
Subtropical,USA,FL_9,1999,600,0.295,9.5,0.44,0.015,22,27.6874,-81.5814,bob,5.402218998,23,1260,22.99829771
Subtropical,USA,FL_9,2004,600,0.295,9.5,0.54,0.02,22,27.7616,-81.6674,bob,8.341466211,27,7466,26.99275839
Mediterranean,Turkey,Gala,2005,300,5.6,1.3,2,0.03,16,40.7673,26.1865,Belgin,10.69952732,29,2228,29
Mediterranean,Greece,Paralimni,2014,500,10.5,4.9,0.4,0.01,72,38.459183,23.347861,Chrysoula,5.829439252,28,500,24.03528992
Mediterranean,Greece,Lysimachia,2014,500,13,3.5,0.69,0.13,53,38.560581,21.372942,Chrysoula,3.576805045,15,685,11.90464381
Mediterranean,Greece,Ozeros,2014,500,10.4,3.8,0.5,0.03,20,38.654669,21.225667,Chrysoula,7.56270903,16,135,20.9323409
Mediterranean,Greece,Pamvotida,2014,500,22.8,5.5,0.56,0.16,964,39.657306,20.889736,Chrysoula,2.838559188,13,2501,10.06635046
Mediterranean,Greece,Kastorias,2014,500,31,3.7,0.42,0.03,776,40.516081,21.299911,Chrysoula,2.453501264,16,8135,5.418358589
Mediterranean,Greece,Cheimaditis,2014,500,9.58,1.2,0.89,0.08,590,40.596578,21.557128,Chrysoula,3.063114868,6,915,4.833376287
Mediterranean,Greece,Zazari,2014,500,1.7,2.7,0.54,0.67,598,40.623414,21.547683,Chrysoula,3.138959986,20,3708,9.9666746
Mediterranean,Greece,Petron,2014,500,12.36,2.6,0.57,0.08,569,40.724606,21.697564,Chrysoula,1.604186933,13,4117,6.844907684
Mediterranean,Greece,Mikri Prespa,2014,500,46.6,3.9,0.41,0.03,847,40.764947,21.094992,Chrysoula,2.932354183,15,3220,8.64006881
Mediterranean,Greece,Ismaris,2014,500,1.87,1,0.4,0.17,1,40.983383,25.317914,Chrysoula,2.341579141,13,4621,7.712274622
Mediterranean,Greece,Doirani,2014,500,32.4,4.5,0.41,0.03,140,41.21255,22.755386,Chrysoula,3.287808939,26,2737,14.08615062
Subtropical,China,АзЬЖКў,2008,250,1.7,1.5,1.34,0.06,24,30.448,114.899,caiyongjiu,1.222256901,3,266,2.949270446
Subtropical,China,ВпКў,2008,250,11.8,2.1,1.5,0.09,12,30.254,115.16,caiyongjiu,3.022813688,8,160,7.925321347
Subtropical,China,ГчКў,2008,250,13.9,1.3,1,0.06,30,29.801,112.098,caiyongjiu,4.09054326,9,856,7.762365672
Subtropical,China,ДѓвБКў,2008,250,68.7,2.3,1.27,0.05,13,30.094,115.096,caiyongjiu,2.232117233,9,1242.65,5.091402093
Subtropical,China,ЖЋЮїутКў,2008,250,24.3,1.6,1.06,0.05,22,30.815,113.683,caiyongjiu,5.031999574,7,149.33,6.902640033
Subtropical,China,ИЋЭЗКў,2008,250,114.7,2.9,0.99,0.09,17,30.016,114.197,caiyongjiu,2.711333095,10,146.27,9.638373837
Subtropical,China,КЃПкКў,2008,250,12.9,3.7,0.34,0.03,14,30.053,115.257,caiyongjiu,4.696397342,12,464,9.581536341
Subtropical,China,ККбєЖЋКў,2008,250,34.4,1.6,1.02,0.04,26,30.516,114,caiyongjiu,4.541228896,9,287.99,8.449175613
Subtropical,China,ККбєЮїКў,2008,250,12.7,3.4,0.69,0.04,26,30.524,113.949,caiyongjiu,4.543973941,8,280,7.84785341
Subtropical,China,СњИаКў,2008,250,316.2,3.8,0.72,0.04,9,30,114.4,caiyongjiu,1.920361317,11,290.68,8.876126548
Subtropical,China,ХЃРЫКў,2008,250,15.9,2.3,0.66,0.03,31,29.81,119.97,caiyongjiu,1.724894515,6,512,5.418488296
Subtropical,China,ЩЯНђКў,2008,250,18.6,2.3,0.95,0.05,30,29.624,112.521,caiyongjiu,4.330316742,6,88,5.999954231
Subtropical,China,ЭјКў,2008,250,42.3,3.7,1.07,0.08,15,29.863,115.341,caiyongjiu,3.760308936,14,837.36,11.21818604
Subtropical,China,ЮїСЙКў,2008,250,72.1,1.9,0.66,0.04,20,29.953,114.058,caiyongjiu,6.521793507,9,90.66,8.99473182
Subtropical,China,гйФрКў,2008,250,16.5,2,0.58,0.06,30,29.759,113.018,caiyongjiu,4.581030365,10,464,8.927510846
Subtropical,China,гёКў,2008,250,10.2,1.4,0.94,0.44,32,30.058,112.086,caiyongjiu,2.066666667,2,32,2
Subtropical,China,жгЯщФЯКў,2008,250,12,1.5,1.42,0.1,55,31.138,112.623,caiyongjiu,3.08709206,6,504,5.544242136
Subtropical,China,ЙљМвКў,2018,250,0.12,2,1.28,0.08,20,30.376,114.189,wanghaijun,1.907907039,5,535,2.521159163
Subtropical,China,ЕРЪПКў,2018,250,0.16,2,1.01,0.31,20,30.39,114.198,wanghaijun,8.735651131,16,255,5.172661607
Subtropical,China,ЬГзгКў,2018,250,0.17,1,2.35,0.23,20,30.333,114,wanghaijun,3.018238643,7,1120,3.368543201
Subtropical,China,СњЭѕЙЕ,2018,250,0.18,2,2.4,0.21,20,30.705,114.083,wanghaijun,2.540068135,11,1106.666667,3.260294664
Subtropical,China,РюМвНЬ,2018,250,0.23,2,1.92,0.1,20,30.75,114.067,wanghaijun,1.27843661,16,12361.66667,1.778696877
Subtropical,China,СЋЛЈКў,2018,250,0.28,2,1.96,0.07,20,30.55,114.273,wanghaijun,3.299620142,12,920,3.721119789
Subtropical,China,аЁЙйСЋКў,2018,250,0.29,2.4,0.86,0.06,20,30.368,114.046,wanghaijun,2.583850932,4,65,2.822406813
Subtropical,China,ББЩЙКў,2018,250,0.29,2,0.73,0.16,21,30.734,114.17,wanghaijun,5.061356459,16,3015,4.42495474
Subtropical,China,БЪбтКў,2018,250,0.31,2,0.88,0.15,20,30.383,113.967,wanghaijun,6.883838384,8,78.33333333,4.665846831
Subtropical,China,ЧАРИКў,2018,250,0.36,2,1.98,0.2,20,30.355,113.98,wanghaijun,5.228724283,10,1780,4.328447272
Subtropical,China,ГчШЪКў,2018,250,0.38,2,0.98,0.07,20,30.43,113.928,wanghaijun,2.848344434,8,685,3.180125535
Subtropical,China,ЖЋвјКў,2018,250,0.39,2,1.24,0.12,20,30.651,114.21,wanghaijun,1.771965046,15,4970,2.495356452
Subtropical,China,ФрДяКў,2018,250,0.44,2,5.16,0.1,20,30.683,114.11,wanghaijun,3.817460317,6,260,3.481760625
Subtropical,China,ББЬЋзгКў,2018,250,0.52,2,0.81,0.12,16,30.518,114.19,wanghaijun,2.398954654,10,3550,2.624952426
Subtropical,China,СњМвДѓКў,2018,250,0.57,2,2.19,0.12,20,30.393,114.24,wanghaijun,2.831716832,11,890,3.06515512
Subtropical,China,ЩЯН№Кў,2018,250,0.61,2,1.96,0.2,20,30.633,114.183,wanghaijun,5.154394388,15,4101.666667,4.244565213
Subtropical,China,члНЬКў,2018,250,0.67,2,1.96,0.16,20,30.728,114.15,wanghaijun,1.922036105,9,606.6666666,2.794298775
Subtropical,China,Н№ЖбКў,2018,250,0.68,2,1.6,0.12,20,30.4,113.962,wanghaijun,7.382827324,15,395,4.821280824
Subtropical,China,ОоСњКў,2018,250,0.96,2,1.77,0.18,20,30.746,114.06,wanghaijun,5.168762369,12,528.3333333,4.218759937
Subtropical,China,ЯТЩцКў,2018,250,1.17,1.2,2.31,0.27,20,30.145,114.17,wanghaijun,1,1,3.333333333,1
Subtropical,China,Н№Кў,2018,250,1.6,2,1.7,0.12,20,30.326,114.14,wanghaijun,5.261055044,16,2875,4.338852227
Subtropical,China,ЦКЬСКў,2018,250,1.65,2,12.23,0.1,20,30.317,114.133,wanghaijun,6.441474654,18,362.5,4.685794998
Subtropical,China,СњбєКў,2018,250,1.68,2,2.42,0.22,20,30.557,114.18,wanghaijun,3.539678941,10,295,3.741471658
Subtropical,China,ББКў,2018,250,1.94,1.8,9,0.34,20,30.601,114.26,wanghaijun,2.575582737,6,125,2.963368809
Subtropical,China,Ш§НЧКў,2018,250,2.39,3.5,2.34,0.19,20,30.526,116.17,wanghaijun,3.465721889,17,36568.57143,3.4731407
Subtropical,China,вАКў,2018,250,3,2,2.18,0.15,20,30.398,114.212,wanghaijun,5.085405184,18,2299.285714,4.254254831
Subtropical,China,ЭтЩГКў,2018,250,3.08,2,2.03,0.14,20,30.565,114.32,wanghaijun,3.73216932,15,1166.666667,3.790661191
Subtropical,China,ФЋЫЎКў,2018,250,3.2,2,2.54,0.2,20,30.544,114.22,wanghaijun,3.75,7,1000,3.656477869
Subtropical,China,ВёВДКў,2018,250,3.3,2,0.92,0.1,20,30.681,114.56,wanghaijun,3.102048884,9,503.3333333,3.326541134
Subtropical,China,ФЯЬЋзгКў,2018,250,3.57,2,3.44,0.22,20,30.488,114.19,wanghaijun,3.516717464,10,586.6666667,3.809307859
Subtropical,China,ГpЩНКў,2018,250,4.46,2,1.57,0.25,20,30.442,114.11,wanghaijun,4.926872247,15,700,4.151333588
Subtropical,China,ЙйСЋКў,2018,250,5.39,2,1.27,0.17,20,30.388,114.04,wanghaijun,2.197904065,22,1784.5,3.0714341
Subtropical,China,ЖЋДѓКў,2018,250,6,2,1.23,0.14,20,30.651,114.184,wanghaijun,4.681188167,21,2117.333333,4.1517096
Subtropical,China,ПнжёКЃ,2018,250,7.25,2,1.87,0.08,20,30.083,114.217,wanghaijun,1.682331799,10,360,2.354569928
Subtropical,China,ФЯКў,2018,250,7.67,2.4,6.77,0.22,20,30.487,114.361,wanghaijun,2.126243405,13,4318.119658,2.675465272
Subtropical,China,еХМвДѓКў,2018,250,8.11,2,1.46,0.19,20,30.305,113.805,wanghaijun,2.907859612,11,523.6363636,3.185500975
Subtropical,China,ЛЦМвКў,2018,250,8.12,2,1.53,0.18,20,30.439,114.278,wanghaijun,7.23931866,23,1261.969697,4.786253305
Subtropical,China,ЧрСтКў,2018,250,8.84,2,1.88,0.14,20,30.405,114.231,wanghaijun,2.498512393,20,737.025641,3.286582346
Subtropical,China,бЯЮїКў,2018,250,14.23,1.9,1.36,0.09,20,30.581,114.492,wanghaijun,3.649283075,22,1109,3.800256872
Subtropical,China,ЮфКў,2018,250,30.6,2.53,1.12,0.07,20,30.803,114.501,wanghaijun,7.148323678,28,914.4444445,4.765660955
Subtropical,China,КѓЙйКў,2018,250,40.81,2,1.5,0.04,20,30.5,114.105,wanghaijun,7.408441533,48,19239.27126,4.844904508
Subtropical,China,ХЃЩНКў,2018,250,41.67,2,9.06,0.32,20,30.345,114.525,wanghaijun,10.25850794,34,185.3333333,5.390732798
Subtropical,China,ЬРбЗКў,2018,250,47.62,1.85,3.14,0.21,20,30.43,114.349,wanghaijun,3.460365606,26,1492.975,3.566975551
Subtropical,China,СКзгКў,2018,250,174.52,4.16,2.03,0.12,20,30.244,114.578,wanghaijun,7.845030725,24,201.2260536,4.980274711
Temperate,China,YM,2020,500,19.1,2.4,1.66,0.14,132,46.453,124.09,Qianming_Dou,2.505334627,4,288,3.997551982
Temperate,China,AB,2020,500,18.4,3.15,2.08,0.1,134,46.5016,124.09,Qianming_Dou,1.961796851,7,560,6.54803178
Temperate,China,HS,2020,500,41.1,3.23,1.51,0.12,136,46.5874,124.0583,Qianming_Dou,3.91571754,6,192,5.953363942
Temperate,China,YC,2020,500,6.9,2.9,1.32,0.14,136,46.6995,124.0583,Qianming_Dou,4.893536122,6,144,5.999999987
Temperate,China,XH,2020,500,50.6,3,1.03,0.15,136,46.7112,124.1102,Qianming_Dou,2.233864208,3,69.33333334,3
Temperate,China,AM,2020,500,37.4,3.1,2.24,0.16,136,46.7521,124.0583,Qianming_Dou,3.35539263,9,528,8.328048084
Temperate,China,TL,2020,500,52.2,2.73,1.6,0.14,136,46.7789,124.1406,Qianming_Dou,3.402144773,4,48,4
Temperate,China,NS,2020,500,11.6,2.85,1.39,0.16,136,46.8177,124.0624,Qianming_Dou,3.02020202,7,208,6.974886818
Temperate,China,RB,2020,500,24.8,3.06,1.68,0.13,136,46.8203,124.2908,Qianming_Dou,5.844036697,10,196,9.732965521
Temperate,China,TH,2020,500,14,3.1,1.68,0.13,136,46.8262,124.3705,Qianming_Dou,2.625430308,8,536,7.267110624
Temperate,China,DL,2020,500,7.4,2.9,2.05,0.11,136,46.8306,124.1296,Qianming_Dou,2.731406416,10,288,9.412251099
Temperate,China,HB,2020,500,1.4,2.8,1.48,0.1,136,46.8708,124.0312,Qianming_Dou,4.530358449,15,2816,11.13871654
Temperate,China,Hulun Lake,2017,250,2339,5.7,3.81,0.192,541,49,117.38,Maozhigang,2.03431846,3,356,2.955851493
Temperate,China,Beier Lake,2017,250,40,5.4,1.28,0.057,578,47.87,117.63,Maozhigang,1.61490598,2,752,2
Temperate,China,Wulan Pao,2017,250,42.5,1.6,1.47,0.068,555,48.336,117.4958,Maozhigang,2.614678899,3,96,3
Temperate,China,Wuliangsu Hai,2021,250,293,1.4,1.028,0.102,1022,41,108.91,Maozhigang,2.89623269,10,310,9.786255695
Tropical,Mexico,El Sol,2001,500,0.237,6,0.11,0.006,4240,19.1,-99.45,Javier,2.034863728,4,2452,2.514922695
Tropical,Mexico,La Luna,2001,500,0.031,5,0.36,0.004,4240,19.1,-99.45,Javier,1.149109479,4,788,2.264012912
Tropical,Mexico,Balantetic,2015,250,0.136,1.7,4.92,0.65,1466,16.12,-91.79,Javier,1.596544164,5,790,3.756977134
Tropical,Mexico,Chaj Chaj,2015,250,0.092,5.3,5,0.48,1426,16.12,-91.77,Javier,1,1,16,1
Tropical,Mexico,Esmeralda,2015,250,0.011,3.6,0.18,0.02,1461,16.11,-91.72,Javier,3.936657682,7,254,6.484010342
Tropical,Mexico,Yalalush,2015,250,0.115,9.9,0.25,0.01,1452,16.08,-91.64,Javier,1,1,15,1
Temperate,Iceland,Myvatn,1974,200,38,2.5,1.77,0.13,278,65.6009,-17,Lindergaard,3.280981576,19,22431,19
Temperate,New Zealand,Reservoir,2004,500,0.36,5,0.62,0.021,17,-46.6598,169.0517,David,3.100617432,14,1038.666667,7.512633148
Temperate,New Zealand,George,2004,500,0.91,2,0.43,0.027,0,-46.3629,167.8609,David,1.770677327,18,3605.666666,9.668204198
Temperate,New Zealand,Tuakitoto,2004,500,1.32,3,0.95,0.054,19,-46.2373,169.8256,David,3.404362084,22,9283.333333,11.7447628
Temperate,New Zealand,Waihola,2004,500,6.08,2.2,0.25,0.019,199,-46.0175,170.0853,David,2.543730116,17,14192,9.588573674
Temperate,New Zealand,Forsythe,2004,500,5.59,4,1.61,0.218,183,-43.7974,172.7747,David,1.845164183,15,12232,5.465977189
Temperate,New Zealand,Ellesmere,2002,500,197.81,2.1,2.16,0.263,0,-43.7925,172.3621,David,2.36464492,10,17878.5236,5.287154936
Temperate,New Zealand,Maori,2016,500,0.1,2,0.46,0.014,647,-43.5758,171.1828,David,4.807449184,30,2304,13.88534344
Temperate,New Zealand,Rotorua,2004,500,0.43,3,3.67,0.27,29,-42.4071,173.5844,David,2.713174092,7,138,6.860848866
Temperate,New Zealand,Onoke,2007,500,6.22,7.7,0.17,0.014,7,-41.3861,175.1462,David,2.960266221,21,1363.333333,9.148629822
Temperate,New Zealand,Wairarapa,2007,500,77.37,2.5,0.21,0.018,0,-41.2221,175.1827,David,2.767772602,24,1808.666667,9.509171953
Temperate,New Zealand,Otuhie,2008,500,0.85,9.1,0.24,0.007,2,-40.6837,172.4062,David,4.495072652,14,299.3333333,10.89636891
Temperate,New Zealand,Papaitonga,2007,500,0.51,6.8,1.78,0.072,18,-40.6496,175.2263,David,3.343293138,27,427.3333334,14.37073291
Temperate,New Zealand,Runanga,2006,500,1.11,1.6,2.44,0.335,27,-39.5878,176.7075,David,2.384985109,9,420.6666666,4.593879102
Temperate,New Zealand,Whakaki,2007,500,4.75,1.5,2.41,0.51,26,-39.0507,177.5728,David,2.810416752,13,4027.333334,6.033359253
Temperate,New Zealand,Spectacle,2006,500,0.44,7,1.34,0.089,15,-36.189,174.6336,David,3.712995681,15,65.33333334,15
Temperate,Russia,Patok,2006,160,0.26,1.9,NA,0.008,561,64.673611,59.6875,loskutova,13.70358959,41,11371,40.99999537
Temperate,Russia,Nomty,2006,160,0.09,1.6,NA,0.007,562,64.661111,59.675,loskutova,8.331222454,41,4046,41
Temperate,Japan,Takkobu,2003,200,1.33,1,0.4,0.025,27,43.1038,144.4863,Takamura,7.33851996,43,7973,44.89619303
Temperate,China,СЋЛЈКў_ЮхДѓСЌГи,2017,300,0.43,4,1.495,0.365,275,48.6702,126.1833,Xue_Du,4.260606061,5,38,5
Temperate,China,yanshan_ЮхДѓСЌГи,2017,300,3.37,9,1.09,0.42,275,48.6899,126.1843,Xue_Du,6.962773207,12,90.53333334,11.92745176
Temperate,China,crane_ЮхДѓСЌГи,2017,300,0.48,5,1.815,0.195,275,48.7676,126.1825,Xue_Du,3.044926053,6,68.2,6
Temperate,China,ШчвтКў_ЮхДѓСЌГи,2017,300,5.88,6,2.443333333,1.133333333,279,48.7749,126.1412,Xue_Du,5.907785827,16,624,12.43690178
Subtropical,China,АВРжКў,2012,250,30,4.2,0.88,0.08,28,28.81666667,112.15,zhangyou,8.935481931,18,533.32,15.16768385
Subtropical,China,АХНЖКў,2012,250,10,3,0.87,0.18,26,29.48333333,113.2166667,zhangyou,4.32911194,14,1032.01,9.140839061
Subtropical,China,АзТэКў,2012,250,14,2.8,1.03,0.13,32,29.73333333,111.8833333,zhangyou,4.249922831,15,682.49,9.024847781
Subtropical,China,БІгІКў,2012,250,43,1.1,1.71,0.08,0,31.2,120.8333333,zhangyou,5.39772528,10,325.83,8.845650932
Subtropical,China,ББУёКў,2010,500,15,1.6,1.65,0.87,26,29.4285,112.0296,zhangyou,9.596980223,16,1301.33,13.85636126
Subtropical,China,ГЮКў,2012,250,41,1.8,4.04,0.15,0,31.2,120.8333333,zhangyou,4.987583073,17,1541.35,10.88774458
Subtropical,China,ГрКў,2012,250,51,2.5,0.67,0.05,12,29.78333333,115.675,zhangyou,5.114717661,15,385.35,12.22640359
Subtropical,China,ДѓЭЈКў,2012,250,80,2.6,0.51,0.06,22,29.175,112.5083333,zhangyou,3.635835458,12,741.34,8.684474512
Subtropical,China,ЕэЩНКў,2012,250,60,3,2.15,0.11,0,31.13333333,120.95,zhangyou,2.518731898,10,376,8.386105721
Subtropical,China,ИпгЪКў,2012,250,745,1.4,0.92,0.05,2,32.88333333,119.2583333,zhangyou,3.802206686,13,52.21,13
Subtropical,China,шКў,2012,250,144,1.2,3.16,0.2,0,31.59166667,119.8083333,zhangyou,3.466134235,10,624.15,7.503078673
Subtropical,China,ЙЬГЧКў,2012,250,25,1.6,1.28,0.11,5,31.26666667,118.9166667,zhangyou,4.163233248,10,492.5,8.01568895
Subtropical,China,КўФЯЖЋКў,2012,250,22,3.5,1.33,0.09,18,29.39166667,112.6416667,zhangyou,4.596534082,16,672.02,11.92254772
Subtropical,China,ЛЦИЧКў,2012,250,71,4.2,0.84,0.06,23,29.725,113.5666667,zhangyou,3.693654379,13,718.67,10.48793845
Subtropical,China,ОќЩНКў,2012,250,160,4,0.8,0.05,14,28.51666667,116.3583333,zhangyou,3.197012931,12,584.02,9.474949455
Subtropical,China,ПўРмКў,2012,250,7,1.5,1.1,0.05,1,31.40833333,120.85,zhangyou,2.300207634,14,987.49,9.889766768
Subtropical,China,РЅГаКў,2012,250,18,1.8,3.92,0.09,0,31.575,120.7416667,zhangyou,2.71072601,13,861.35,9.703191002
Subtropical,China,СјвЖКў,2012,250,17,1.7,0.88,0.06,27,29.09166667,111.75,zhangyou,3.958168662,12,280.01,10.43417033
Subtropical,China,ТцТэКў,2012,250,291,3.3,2.75,0.04,17,34.11666667,118.1833333,zhangyou,2.670874246,9,74.73,9
Subtropical,China,УЋРяКў,2012,250,27,3.5,0.98,0.09,32,29.43333333,111.9166667,zhangyou,7.997850429,18,450.67,15.15690843
Subtropical,China,ФЯББКў,2012,250,19,4.7,1.91,0.09,10,29.66666667,116.2333333,zhangyou,4.579382365,14,2285.33,9.803564417
Subtropical,China,ФЯфєКў,2012,250,194,2.3,1.24,0.05,5,31.10833333,118.9333333,zhangyou,3.452119872,18,411.18,12.8686473
Subtropical,China,ШќГЧКў,2012,250,43,4.4,0.48,0.05,14,29.675,115.8333333,zhangyou,3.421516424,17,654.64,12.71060493
Subtropical,China,ЩКчъКў,2012,250,19,1.5,0.79,0.17,26,29.41666667,112.0333333,zhangyou,6.586404176,13,764.68,10.55120588
Subtropical,China,ЩлВЎКў,2012,250,97,1.1,0.82,0.05,2,32.58333333,119.4416667,zhangyou,4.33854489,10,138.88,9.307698719
Subtropical,China,ЪЏОЪКў,2012,250,214,4.1,1.01,0.08,4,31.46666667,118.85,zhangyou,5.418474978,18,244.97,14.06055419
Subtropical,China,ЬЋВДКў,2012,250,29,5,1.09,0.08,10,29.99166667,116.7166667,zhangyou,2.832260679,14,1774.69,8.959794809
Subtropical,China,ЮфЩНКў,2012,250,16,2.8,2.4,0.09,13,29.91666667,115.5666667,zhangyou,3.156414602,10,1146.66,7.908998141
Subtropical,China,аТУюКў,2012,250,30,5.2,1.41,0.08,10,29.375,116.1916667,zhangyou,4.421039351,9,256.01,8.445304191
Subtropical,China,дРбєФЯКў,2012,250,10,5.4,1.53,0.15,24,29.48333333,113.1333333,zhangyou,1.736969212,12,7333.33,7.421060575
Subtropical,China,ГЄЕДКў,2012,250,84,1.7,3,0.17,0,31.58333333,119.5833333,zhangyou,4.060757276,7,378.33,6.882691009
Subtropical,China,ГЄКў,2012,250,131,1.9,0.45,0.06,27,30.45,112.375,zhangyou,1.732000072,11,1564,5.626385199
Subtropical,China,жщКў,2012,250,64,4.9,0.47,0.04,14,29.13333333,116.6583333,zhangyou,4.882580885,12,205.34,10.84291204
Subtropical,China,лЖбєКў,2008,250,2933,5.1,1.62,0.11,10,29,116,zhangyou,5.01898669,36,230.18,18.32858262
Subtropical,China,ЖДЭЅКў,2008,250,2625,6.4,1.88,0.08,25,29.4,113,zhangyou,6.892239848,38,302.0466667,19.41413213
Subtropical,China,ЬЋКў,2008,250,2338,2.1,3.16,0.12,0,31.5,120,zhangyou,2.089426423,36,3654.751667,13.22140012
Subtropical,China,ГВКў,2008,250,770,2.7,2.6,0.21,5,31.5,117.5,zhangyou,3.970476743,20,494.6744444,10.81507728
Subtropical,China,ВзКў,2021,500,3.81,2,1.84,0.22,19,29.7824,113.6075,ечЮА,2.874471086,9,204.8,9
Subtropical,China,ЧхН­еЏ,2021,500,2.84,2,1.76,0.13,19,29.8122,113.6529,ечЮА,1.248475082,7,598.4,6.832052046
Subtropical,China,ЫЩАиКў,2021,500,0.26,2,0.9,0.14,19,29.818531,113.6264,ечЮА,1.589537626,11,177.7777777,11
Subtropical,China,ДѓзѓКў,2021,500,0.8,2,5.3,1.6,19,29.8207,113.5991,ечЮА,1.182311682,7,420,6.953669094
Subtropical,China,ДѓСЋЛЈКў,2004,450,0.064,1.3,7.73,0.69,23,30.5529,114.2734,жгЗЧ,4.911197837,10,64.19625,6.624670133
Subtropical,China,аЁСЋЛЈКў,2004,450,0.021,1.2,2.13,0.19,23,30.5531,114.271,жгЗЧ,3.698268841,11,15.535,11
